-- MySQL Script generated by MySQL Workbench
-- Mon Oct 14 18:28:15 2024
-- Model: New Model    Version: 1.0
-- MySQL Workbench Forward Engineering

SET @OLD_UNIQUE_CHECKS=@@UNIQUE_CHECKS, UNIQUE_CHECKS=0;
SET @OLD_FOREIGN_KEY_CHECKS=@@FOREIGN_KEY_CHECKS, FOREIGN_KEY_CHECKS=0;
SET @OLD_SQL_MODE=@@SQL_MODE, SQL_MODE='ONLY_FULL_GROUP_BY,STRICT_TRANS_TABLES,NO_ZERO_IN_DATE,NO_ZERO_DATE,ERROR_FOR_DIVISION_BY_ZERO,NO_ENGINE_SUBSTITUTION';

-- -----------------------------------------------------
-- Schema teamtasker
-- -----------------------------------------------------

-- -----------------------------------------------------
-- Schema teamtasker
-- -----------------------------------------------------
CREATE SCHEMA IF NOT EXISTS `teamtasker` DEFAULT CHARACTER SET utf8 COLLATE utf8_unicode_ci ;
USE `teamtasker` ;

-- -----------------------------------------------------
-- Table `teamtasker`.`Usuario`
-- -----------------------------------------------------
CREATE TABLE IF NOT EXISTS `teamtasker`.`Usuario` (
  `idUsuario` INT NOT NULL AUTO_INCREMENT,
  `nombre` VARCHAR(70) NOT NULL,
  `apellido` VARCHAR(60) NOT NULL,
  `mail` VARCHAR(100) NOT NULL,
  `contraseña` VARCHAR(45) NOT NULL,
  PRIMARY KEY (`idUsuario`))
ENGINE = InnoDB;


-- -----------------------------------------------------
-- Table `teamtasker`.`Etiqueta`
-- -----------------------------------------------------
CREATE TABLE IF NOT EXISTS `teamtasker`.`Etiqueta` (
  `idEtiqueta` INT NOT NULL AUTO_INCREMENT,
  `nombre` VARCHAR(45) NULL,
  PRIMARY KEY (`idEtiqueta`))
ENGINE = InnoDB;


-- -----------------------------------------------------
-- Table `teamtasker`.`TareaGlobal`
-- -----------------------------------------------------
CREATE TABLE IF NOT EXISTS `teamtasker`.`TareaGlobal` (
  `idProyecto` INT NOT NULL AUTO_INCREMENT,
  `nombre_proyecto` VARCHAR(50) NOT NULL,
  `descripcion` VARCHAR(200) NOT NULL,
  `dateIn` DATETIME NOT NULL,
  `dateEnd` DATETIME NOT NULL,
  `progreso` DOUBLE NULL,
  `duracion` INT NULL,
  `admin_id` INT NOT NULL,
  `estado` INT NOT NULL DEFAULT 1,
  PRIMARY KEY (`idProyecto`, `admin_id`, `estado`),
  UNIQUE INDEX `idProyecto_UNIQUE` (`idProyecto` ASC) VISIBLE,
  INDEX `fk_Proyecto_Usuario1_idx` (`admin_id` ASC) VISIBLE,
  INDEX `fk_TareaGlobal_Etiqueta1_idx` (`estado` ASC) VISIBLE,
  CONSTRAINT `fk_Proyecto_Usuario1`
    FOREIGN KEY (`admin_id`)
    REFERENCES `teamtasker`.`Usuario` (`idUsuario`)
    ON DELETE NO ACTION
    ON UPDATE NO ACTION,
  CONSTRAINT `fk_TareaGlobal_Etiqueta1`
    FOREIGN KEY (`estado`)
    REFERENCES `teamtasker`.`Etiqueta` (`idEtiqueta`)
    ON DELETE NO ACTION
    ON UPDATE NO ACTION)
ENGINE = InnoDB;


-- -----------------------------------------------------
-- Table `teamtasker`.`Prioridad`
-- -----------------------------------------------------
CREATE TABLE IF NOT EXISTS `teamtasker`.`Prioridad` (
  `idPrioridad` INT NOT NULL AUTO_INCREMENT,
  `tipo` VARCHAR(60) NOT NULL,
  PRIMARY KEY (`idPrioridad`))
ENGINE = InnoDB;


-- -----------------------------------------------------
-- Table `teamtasker`.`TareaGrupal`
-- -----------------------------------------------------
CREATE TABLE IF NOT EXISTS `teamtasker`.`TareaGrupal` (
  `idGrupo` INT NOT NULL AUTO_INCREMENT,
  `nombre` VARCHAR(50) NOT NULL,
  `descripcion` VARCHAR(200) NOT NULL,
  `idProyecto` INT NOT NULL,
  `admin` INT NOT NULL,
  `completada` TINYINT NOT NULL,
  `dateIn` DATETIME NOT NULL,
  `dateEnd` DATETIME NOT NULL,
  `progreso` DOUBLE NULL,
  `duracion` INT NULL,
  `estado` VARCHAR(70) NOT NULL,
  `etiqueta` INT NOT NULL,
  `prioridad` INT NOT NULL,
  PRIMARY KEY (`idGrupo`, `idProyecto`, `admin`, `etiqueta`, `prioridad`),
  INDEX `fk_Grupo_Proyecto_idx` (`idProyecto` ASC) VISIBLE,
  INDEX `fk_Grupo_Usuario1_idx` (`admin` ASC) VISIBLE,
  INDEX `fk_Grupo_Etiqueta1_idx` (`etiqueta` ASC) VISIBLE,
  INDEX `fk_Grupo_Prioridad1_idx` (`prioridad` ASC) VISIBLE,
  CONSTRAINT `fk_Grupo_Proyecto`
    FOREIGN KEY (`idProyecto`)
    REFERENCES `teamtasker`.`TareaGlobal` (`idProyecto`)
    ON DELETE NO ACTION
    ON UPDATE NO ACTION,
  CONSTRAINT `fk_Grupo_Usuario1`
    FOREIGN KEY (`admin`)
    REFERENCES `teamtasker`.`Usuario` (`idUsuario`)
    ON DELETE NO ACTION
    ON UPDATE NO ACTION,
  CONSTRAINT `fk_Grupo_Etiqueta1`
    FOREIGN KEY (`etiqueta`)
    REFERENCES `teamtasker`.`Etiqueta` (`idEtiqueta`)
    ON DELETE NO ACTION
    ON UPDATE NO ACTION,
  CONSTRAINT `fk_Grupo_Prioridad1`
    FOREIGN KEY (`prioridad`)
    REFERENCES `teamtasker`.`Prioridad` (`idPrioridad`)
    ON DELETE NO ACTION
    ON UPDATE NO ACTION)
ENGINE = InnoDB;


-- -----------------------------------------------------
-- Table `teamtasker`.`TareaUnitaria`
-- -----------------------------------------------------
CREATE TABLE IF NOT EXISTS `teamtasker`.`TareaUnitaria` (
  `idTareaUnitaria` INT NOT NULL AUTO_INCREMENT,
  `nombre` VARCHAR(45) NOT NULL,
  `grupo` INT NOT NULL,
  `usuario` INT NOT NULL,
  `dateIn` DATETIME NULL,
  `dateEnd` DATETIME NULL,
  `progreso` DOUBLE NULL,
  `duracion` INT NULL,
  `hito` TINYINT NULL,
  `etiqueta` INT NOT NULL,
  `prioridad` INT NOT NULL,
  PRIMARY KEY (`idTareaUnitaria`, `grupo`, `usuario`, `etiqueta`, `prioridad`),
  INDEX `fk_TareaUnitaria_Grupo1_idx` (`grupo` ASC) VISIBLE,
  INDEX `fk_TareaUnitaria_Usuario1_idx` (`usuario` ASC) VISIBLE,
  INDEX `fk_TareaUnitaria_Etiqueta1_idx` (`etiqueta` ASC) VISIBLE,
  INDEX `fk_TareaUnitaria_Prioridad1_idx` (`prioridad` ASC) VISIBLE,
  CONSTRAINT `fk_TareaUnitaria_Grupo1`
    FOREIGN KEY (`grupo`)
    REFERENCES `teamtasker`.`TareaGrupal` (`idGrupo`)
    ON DELETE NO ACTION
    ON UPDATE NO ACTION,
  CONSTRAINT `fk_TareaUnitaria_Usuario1`
    FOREIGN KEY (`usuario`)
    REFERENCES `teamtasker`.`Usuario` (`idUsuario`)
    ON DELETE NO ACTION
    ON UPDATE NO ACTION,
  CONSTRAINT `fk_TareaUnitaria_Etiqueta1`
    FOREIGN KEY (`etiqueta`)
    REFERENCES `teamtasker`.`Etiqueta` (`idEtiqueta`)
    ON DELETE NO ACTION
    ON UPDATE NO ACTION,
  CONSTRAINT `fk_TareaUnitaria_Prioridad1`
    FOREIGN KEY (`prioridad`)
    REFERENCES `teamtasker`.`Prioridad` (`idPrioridad`)
    ON DELETE NO ACTION
    ON UPDATE NO ACTION)
ENGINE = InnoDB;


-- -----------------------------------------------------
-- Table `teamtasker`.`Perfil`
-- -----------------------------------------------------
CREATE TABLE IF NOT EXISTS `teamtasker`.`Perfil` (
  `idPerfil` INT NOT NULL AUTO_INCREMENT,
  `nombre` VARCHAR(60) NOT NULL,
  PRIMARY KEY (`idPerfil`))
ENGINE = InnoDB;


-- -----------------------------------------------------
-- Table `teamtasker`.`TareaGrupal_has_Usuario`
-- -----------------------------------------------------
CREATE TABLE IF NOT EXISTS `teamtasker`.`TareaGrupal_has_Usuario` (
  `grupo` INT NOT NULL,
  `proyecto` INT NOT NULL,
  `usuario` INT NOT NULL,
  PRIMARY KEY (`grupo`, `proyecto`, `usuario`),
  INDEX `fk_Grupo_has_Usuario_Usuario1_idx` (`usuario` ASC) VISIBLE,
  INDEX `fk_Grupo_has_Usuario_Grupo1_idx` (`grupo` ASC, `proyecto` ASC) VISIBLE,
  CONSTRAINT `fk_Grupo_has_Usuario_Grupo1`
    FOREIGN KEY (`grupo` , `proyecto`)
    REFERENCES `teamtasker`.`TareaGrupal` (`idGrupo` , `idProyecto`)
    ON DELETE NO ACTION
    ON UPDATE NO ACTION,
  CONSTRAINT `fk_Grupo_has_Usuario_Usuario1`
    FOREIGN KEY (`usuario`)
    REFERENCES `teamtasker`.`Usuario` (`idUsuario`)
    ON DELETE NO ACTION
    ON UPDATE NO ACTION)
ENGINE = InnoDB;


-- -----------------------------------------------------
-- Table `teamtasker`.`Usuario_has_Perfil`
-- -----------------------------------------------------
CREATE TABLE IF NOT EXISTS `teamtasker`.`Usuario_has_Perfil` (
  `idUsuario` INT NOT NULL,
  `idPerfil` INT NOT NULL,
  PRIMARY KEY (`idUsuario`, `idPerfil`),
  INDEX `fk_Usuario_has_Perfil_Perfil1_idx` (`idPerfil` ASC) VISIBLE,
  INDEX `fk_Usuario_has_Perfil_Usuario1_idx` (`idUsuario` ASC) VISIBLE,
  CONSTRAINT `fk_Usuario_has_Perfil_Usuario1`
    FOREIGN KEY (`idUsuario`)
    REFERENCES `teamtasker`.`Usuario` (`idUsuario`)
    ON DELETE NO ACTION
    ON UPDATE NO ACTION,
  CONSTRAINT `fk_Usuario_has_Perfil_Perfil1`
    FOREIGN KEY (`idPerfil`)
    REFERENCES `teamtasker`.`Perfil` (`idPerfil`)
    ON DELETE NO ACTION
    ON UPDATE NO ACTION)
ENGINE = InnoDB;


-- -----------------------------------------------------
-- Table `teamtasker`.`Usuario_has_TareaGlobal`
-- -----------------------------------------------------
CREATE TABLE IF NOT EXISTS `teamtasker`.`Usuario_has_TareaGlobal` (
  `Usuario_idUsuario` INT NOT NULL,
  `TareaGlobal_idProyecto` INT NOT NULL,
  PRIMARY KEY (`Usuario_idUsuario`, `TareaGlobal_idProyecto`),
  INDEX `fk_Usuario_has_TareaGlobal_TareaGlobal1_idx` (`TareaGlobal_idProyecto` ASC) VISIBLE,
  INDEX `fk_Usuario_has_TareaGlobal_Usuario1_idx` (`Usuario_idUsuario` ASC) VISIBLE,
  CONSTRAINT `fk_Usuario_has_TareaGlobal_Usuario1`
    FOREIGN KEY (`Usuario_idUsuario`)
    REFERENCES `teamtasker`.`Usuario` (`idUsuario`)
    ON DELETE NO ACTION
    ON UPDATE NO ACTION,
  CONSTRAINT `fk_Usuario_has_TareaGlobal_TareaGlobal1`
    FOREIGN KEY (`TareaGlobal_idProyecto`)
    REFERENCES `teamtasker`.`TareaGlobal` (`idProyecto`)
    ON DELETE NO ACTION
    ON UPDATE NO ACTION)
ENGINE = InnoDB;

INSERT INTO Usuario (idUsuario, nombre, apellido, mail, contraseña)
VALUES
(1, 'Juan', 'Perez', 'juan.perez@example.com', '12345'),
(2, 'Maria', 'Gonzalez', 'maria.gonzalez@example.com', '67890');
INSERT INTO TareaGlobal (idProyecto, nombre_proyecto, descripcion, dateIn, dateEnd, progreso, duracion, admin_id)
VALUES
(1, 'Proyecto Alpha', 'Descripción del proyecto Alpha', '2024-09-01 08:00:00', '2024-12-01 17:00:00', 0.5, 90, 1);
INSERT INTO Etiqueta (idEtiqueta, nombre)
VALUES
(1, 'Inactiva'),
(2, 'En progreso'),
(3,'Completada');
INSERT INTO Prioridad (idPrioridad, tipo)
VALUES
(1, 'Alta'),
(2, 'Media'),
(3, 'Baja');

INSERT INTO TareaGrupal (idGrupo, nombre, descripcion, idProyecto, admin, completada, dateIn, dateEnd, progreso, duracion, estado, etiqueta, prioridad)
VALUES
(1, 'Tarea Grupal A', 'Descripción de tarea grupal A', 1, 1, 0, '2024-09-05 09:00:00', '2024-10-05 17:00:00', 0.3, 30, 'En progreso', 1, 1),
(2, 'Tarea Grupal B', 'Descripción de tarea grupal B', 1, 2, 0, '2024-09-07 10:00:00', '2024-11-07 18:00:00', 0.2, 60, 'En progreso', 2, 1);
INSERT INTO TareaUnitaria (idTareaUnitaria, nombre, grupo, usuario, dateIn, dateEnd, progreso, duracion, hito, etiqueta, prioridad)
VALUES
(1, 'Tarea Unitaria A1', 1, 1, '2024-09-10 08:00:00', '2024-09-20 17:00:00', 0.6, 10, 1, 1, 1),
(2, 'Tarea Unitaria A2', 1, 2, '2024-09-12 08:00:00', '2024-09-25 17:00:00', 0.4, 13, 0, 2, 1),
(3, 'Tarea Unitaria B1', 2, 1, '2024-09-15 08:00:00', '2024-10-01 17:00:00', 0.3, 16, 1, 1, 1);

SET SQL_MODE=@OLD_SQL_MODE;
SET FOREIGN_KEY_CHECKS=@OLD_FOREIGN_KEY_CHECKS;
SET UNIQUE_CHECKS=@OLD_UNIQUE_CHECKS;
